INSERT 	INTO Image(image_data)
		VALUES
		('TestImage');
			
INSERT 	INTO Profile(username, display_name, phone_number)
		VALUES
		('Ali', 'Ali', '09038426825'),
		('Hossein', 'Hossein', '09105158355'),
		('Ahmad', 'Ahmad', '09123456789'),
		('Reza', 'Reza', '09112223344');

INSERT 	INTO Account(fk_username, password_hash)
		VALUES
		('Ali', 'Ali09038426825'),
		('Hossein', 'Hossein09105158355'),
		('Ahmad', 'Ahmad09123456789'),
		('Reza', 'Reza09112223344');


INSERT 	INTO Chat(chat_type, chat_name)
		VALUES
		('1', NULL),
		('1', NULL);
		
INSERT 	INTO Chat_Member(fk_chat_id, fk_username)
		VALUES
		('1', 'Ali'),	
		('1', 'Hossein'),
		('2', 'Hossein'),
		('2', 'Ahmad');
		
INSERT 	INTO Seen(fk_chat_id, fk_username)
		VALUES
		('1', 'Ali'),	
		('1', 'Hossein'),
		('2', 'Hossein'),
		('2', 'Ahmad');
		
INSERT 	INTO Chat_Message(message_time, have_text, text_message, fk_chat_id, fk_username)
		VALUES
		('2023-06-27 08:52:48', 'true', 'posuere felis sed lacus morbi sem mauris laoreet ut rhoncus aliquet pulvinar sed nisl nunc', '1', 'Hossein'),
        ('2022-10-24 12:34:12', 'true', 'orci luctus et ultrices posuere cubilia curae donec pharetra magna vestibulum aliquet ultrices erat tortor sollicitudin mi sit amet', '1', 'Ali'),
        ('2023-05-07 02:54:13', 'true', 'libero nullam sit amet turpis elementum ligula', '1', 'Hossein'),
        ('2023-05-19 15:03:53', 'true', 'elit ac nulla sed vel enim', '1', 'Hossein'),
        ('2023-07-08 01:20:22', 'true', 'donec posuere metus vitae ipsum aliquam non mauris morbi non lectus aliquam sit amet diam in magna bibendum imperdiet', '1', 'Hossein'),
        ('2023-01-11 09:36:46', 'true', 'consequat varius integer ac leo pellentesque ultrices mattis odio donec vitae nisi nam ultrices libero non mattis pulvinar nulla pede', '1', 'Hossein'),
        ('2023-05-05 08:08:32', 'true', 'mus vivamus vestibulum sagittis sapien cum sociis natoque penatibus et magnis dis parturient montes nascetur', '1', 'Ali'),
        ('2023-04-02 15:29:32', 'true', 'pretium quis lectus suspendisse potenti in eleifend', '1', 'Hossein'),
        ('2023-03-01 08:14:30', 'true', 'pretium iaculis diam erat fermentum justo nec condimentum neque sapien placerat ante nulla justo aliquam quis turpis eget', '1', 'Hossein'),
        ('2023-01-10 23:56:18', 'true', 'felis fusce posuere felis sed lacus morbi sem', '1', 'Ali'),
        ('2023-02-19 19:08:23', 'true', 'hac habitasse platea dictumst etiam faucibus cursus urna ut tellus nulla ut erat', '1', 'Ali'),
        ('2022-09-20 07:16:17', 'true', 'pretium iaculis diam erat fermentum justo nec condimentum neque sapien placerat ante nulla justo aliquam quis', '1', 'Hossein'),
        ('2023-04-26 07:28:34', 'true', 'massa tempor convallis nulla neque libero convallis eget eleifend luctus ultricies eu nibh quisque id justo', '1', 'Ali'),
        ('2023-06-18 10:37:14', 'true', 'nisl ut volutpat sapien arcu sed augue aliquam erat volutpat in congue etiam justo etiam', '1', 'Ali'),
        ('2023-01-07 15:04:56', 'true', 'cubilia curae donec pharetra magna vestibulum aliquet ultrices erat tortor sollicitudin mi sit amet lobortis sapien', '1', 'Hossein'),
        ('2022-08-12 01:30:34', 'true', 'interdum mauris non ligula pellentesque ultrices phasellus id sapien', '1', 'Ali'),
        ('2022-12-30 19:40:25', 'true', 'odio curabitur convallis duis consequat dui nec nisi', '1', 'Ali'),
        ('2023-05-19 02:02:19', 'true', 'ac neque duis bibendum morbi non quam nec dui luctus rutrum nulla tellus', '1', 'Hossein'),
        ('2022-09-01 09:21:33', 'true', 'ipsum primis in faucibus orci luctus et ultrices posuere cubilia', '1', 'Hossein'),
        ('2022-10-13 03:58:00', 'true', 'nulla elit ac nulla sed vel enim sit amet nunc viverra dapibus nulla suscipit ligula in lacus curabitur', '1', 'Ali'),
        ('2022-08-03 19:09:04', 'true', 'vulputate ut ultrices vel augue vestibulum ante ipsum primis', '1', 'Hossein'),
        ('2023-06-30 16:36:43', 'true', 'turpis elementum ligula vehicula consequat morbi a ipsum', '1', 'Hossein'),
        ('2023-01-21 07:18:01', 'true', 'vitae mattis nibh ligula nec sem duis aliquam convallis nunc proin at turpis a pede posuere', '1', 'Hossein'),
        ('2022-08-04 02:35:10', 'true', 'faucibus accumsan odio curabitur convallis duis consequat dui nec', '1', 'Ali'),
        ('2023-07-18 00:23:44', 'true', 'vel pede morbi porttitor lorem id ligula suspendisse ornare consequat lectus in', '1', 'Ali'),
        ('2022-11-19 06:06:58', 'true', 'augue luctus tincidunt nulla mollis', '1', 'Hossein'),
        ('2022-09-08 17:18:07', 'true', 'sit amet diam in magna bibendum imperdiet nullam orci', '1', 'Ali'),
        ('2022-08-30 20:57:47', 'true', 'fusce posuere felis sed lacus morbi sem mauris laoreet ut rhoncus aliquet pulvinar sed nisl nunc rhoncus', '1', 'Ali'),
        ('2023-07-22 05:11:01', 'true', 'ac est lacinia nisi venenatis tristique fusce congue diam id ornare', '1', 'Ali'),
        ('2022-09-15 09:46:45', 'true', 'id pretium iaculis diam erat fermentum justo nec condimentum neque sapien placerat ante nulla justo aliquam quis turpis eget', '1', 'Hossein'),
        ('2023-01-30 12:08:43', 'true', 'erat quisque erat eros viverra eget', '1', 'Ali'),
        ('2022-09-18 05:28:02', 'true', 'nisi eu orci mauris lacinia sapien quis libero nullam sit amet turpis elementum ligula vehicula', '1', 'Hossein'),
        ('2023-05-10 09:52:21', 'true', 'erat id mauris vulputate elementum nullam varius nulla facilisi cras non velit nec nisi vulputate', '1', 'Hossein'),
        ('2023-04-07 02:35:59', 'true', 'in leo maecenas pulvinar lobortis est phasellus sit amet erat nulla tempus vivamus in felis', '1', 'Ali'),
        ('2023-07-18 02:11:14', 'true', 'massa id nisl venenatis lacinia aenean sit amet justo morbi ut odio cras mi pede malesuada in', '1', 'Ali'),
        ('2022-10-15 11:54:22', 'true', 'rhoncus aliquet pulvinar sed nisl nunc rhoncus dui vel sem sed', '1', 'Hossein'),
        ('2023-07-08 23:02:01', 'true', 'nunc viverra dapibus nulla suscipit ligula in lacus curabitur at ipsum ac tellus semper interdum mauris ullamcorper', '1', 'Ali'),
        ('2023-04-10 03:08:52', 'true', 'ut tellus nulla ut erat id mauris vulputate', '1', 'Ali'),
        ('2023-01-31 10:15:24', 'true', 'in leo maecenas pulvinar lobortis est phasellus sit amet erat nulla tempus', '1', 'Ali'),
        ('2022-11-07 19:08:06', 'true', 'pellentesque at nulla suspendisse potenti cras in purus eu magna vulputate luctus cum sociis natoque penatibus et', '1', 'Ali'),
        ('2023-02-01 18:42:28', 'true', 'vestibulum rutrum rutrum neque aenean', '1', 'Hossein'),
        ('2022-08-02 14:08:53', 'true', 'ultrices posuere cubilia curae nulla dapibus dolor vel est donec', '1', 'Ali'),
        ('2022-12-24 09:28:41', 'true', 'tincidunt in leo maecenas', '1', 'Hossein'),
        ('2023-02-03 00:22:25', 'true', 'proin risus praesent lectus vestibulum', '1', 'Ali'),
        ('2023-06-21 23:24:02', 'true', 'luctus et ultrices posuere cubilia curae mauris viverra diam vitae quam suspendisse potenti nullam', '1', 'Hossein'),
        ('2022-08-05 19:34:21', 'true', 'pulvinar nulla pede ullamcorper augue a suscipit nulla elit ac nulla sed vel enim sit amet nunc viverra', '1', 'Ali'),
        ('2022-09-21 01:09:32', 'true', 'lectus suspendisse potenti in eleifend quam a odio in hac habitasse', '1', 'Ali'),
        ('2022-11-03 09:36:02', 'true', 'turpis integer aliquet massa id lobortis', '1', 'Hossein'),
        ('2023-02-08 23:40:10', 'true', 'a libero nam dui proin leo odio porttitor', '1', 'Hossein'),
        ('2023-06-20 17:38:47', 'true', 'penatibus et magnis dis parturient montes', '1', 'Ali'),
        ('2023-03-15 00:58:32', 'true', 'vivamus in felis eu sapien cursus vestibulum proin eu mi nulla', '1', 'Hossein'),
        ('2022-08-15 08:23:42', 'true', 'enim in tempor turpis nec euismod scelerisque quam turpis adipiscing lorem vitae mattis nibh ligula nec sem', '1', 'Ali'),
        ('2022-11-11 07:15:51', 'true', 'lacus curabitur at ipsum ac tellus', '1', 'Ali'),
        ('2022-12-03 21:47:17', 'true', 'metus vitae ipsum aliquam non mauris morbi', '1', 'Ali'),
        ('2022-12-17 14:21:42', 'true', 'vestibulum vestibulum ante ipsum primis in faucibus orci luctus et ultrices posuere cubilia curae nulla dapibus dolor', '1', 'Hossein'),
        ('2022-09-01 04:14:28', 'true', 'nunc rhoncus dui vel sem sed sagittis nam congue risus semper porta', '1', 'Hossein'),
        ('2023-02-11 09:23:04', 'true', 'parturient montes nascetur ridiculus mus vivamus vestibulum sagittis sapien cum sociis natoque', '1', 'Hossein'),
        ('2023-01-07 00:30:43', 'true', 'massa donec dapibus duis at velit eu est congue elementum in', '1', 'Ali'),
        ('2023-06-25 06:48:53', 'true', 'nam congue risus semper', '1', 'Hossein'),
        ('2022-08-30 21:17:55', 'true', 'sit amet eros suspendisse accumsan tortor quis', '1', 'Hossein'),
        ('2023-05-16 09:33:44', 'true', 'consequat metus sapien ut', '1', 'Hossein'),
        ('2023-05-04 10:01:04', 'true', 'sed sagittis nam congue', '1', 'Ali'),
        ('2022-12-31 07:05:24', 'true', 'ornare imperdiet sapien urna pretium nisl ut volutpat sapien arcu sed augue aliquam erat volutpat', '1', 'Ali'),
        ('2022-09-09 17:55:36', 'true', 'tincidunt lacus at velit vivamus vel nulla eget eros elementum pellentesque quisque porta volutpat erat quisque erat eros viverra eget', '1', 'Hossein'),
        ('2023-04-06 04:03:20', 'true', 'vitae quam suspendisse potenti nullam porttitor lacus at turpis donec posuere metus vitae ipsum aliquam non mauris', '1', 'Ali'),
        ('2022-11-05 09:19:51', 'true', 'enim sit amet nunc viverra dapibus nulla suscipit', '1', 'Hossein'),
        ('2023-02-06 06:35:47', 'true', 'suspendisse ornare consequat lectus in est risus auctor', '1', 'Ali'),
        ('2023-07-23 00:56:40', 'true', 'ipsum primis in faucibus orci luctus', '1', 'Hossein'),
        ('2023-05-24 00:23:18', 'true', 'ut rhoncus aliquet pulvinar sed nisl nunc rhoncus dui vel sem sed sagittis', '1', 'Hossein'),
        ('2022-08-07 03:19:06', 'true', 'etiam faucibus cursus urna', '1', 'Ali'),
        ('2023-03-12 21:02:33', 'true', 'aliquet maecenas leo odio condimentum id luctus nec molestie sed justo pellentesque viverra pede ac diam cras pellentesque', '1', 'Hossein'),
        ('2023-07-05 04:40:12', 'true', 'aliquet at feugiat non pretium quis lectus suspendisse potenti', '1', 'Ali'),
        ('2023-03-20 03:44:12', 'true', 'neque sapien placerat ante nulla justo aliquam quis turpis eget elit sodales scelerisque mauris sit amet eros suspendisse accumsan', '1', 'Hossein'),
        ('2023-05-03 08:00:48', 'true', 'luctus et ultrices posuere cubilia', '1', 'Hossein'),
        ('2023-02-07 03:35:57', 'true', 'id mauris vulputate elementum nullam varius nulla facilisi cras non', '1', 'Ali'),
        ('2023-07-28 09:00:19', 'true', 'vivamus tortor duis mattis egestas metus aenean', '1', 'Hossein'),
        ('2023-06-28 20:17:24', 'true', 'venenatis tristique fusce congue diam id ornare imperdiet sapien urna pretium nisl ut volutpat sapien', '1', 'Ali'),
        ('2022-11-10 19:27:51', 'true', 'pellentesque at nulla suspendisse potenti', '1', 'Ali'),
        ('2023-03-23 13:17:11', 'true', 'maecenas tristique est et tempus semper est quam pharetra', '1', 'Ali'),
        ('2023-03-25 12:01:34', 'true', 'suspendisse potenti cras in purus eu magna vulputate luctus cum', '1', 'Hossein'),
        ('2023-02-23 14:55:01', 'true', 'pellentesque at nulla suspendisse potenti cras in purus eu magna vulputate luctus', '1', 'Hossein'),
        ('2022-09-27 22:00:24', 'true', 'vel ipsum praesent blandit lacinia', '1', 'Ali'),
        ('2023-06-10 10:10:16', 'true', 'dis parturient montes nascetur ridiculus mus vivamus vestibulum sagittis sapien cum sociis', '1', 'Hossein'),
        ('2023-05-29 22:34:51', 'true', 'congue vivamus metus arcu adipiscing molestie hendrerit at vulputate vitae nisl aenean lectus pellentesque eget nunc donec', '1', 'Ali'),
        ('2023-01-20 18:01:57', 'true', 'purus aliquet at feugiat non pretium quis lectus suspendisse', '1', 'Ali'),
        ('2023-05-20 02:55:51', 'true', 'at nibh in hac habitasse platea dictumst aliquam augue quam', '1', 'Ali'),
        ('2022-09-13 01:33:33', 'true', 'odio cras mi pede malesuada in imperdiet et commodo vulputate justo in blandit', '1', 'Hossein'),
        ('2023-03-10 08:06:57', 'true', 'quam a odio in hac habitasse platea dictumst maecenas ut massa quis augue luctus tincidunt nulla mollis molestie', '1', 'Ali'),
        ('2022-10-04 15:05:29', 'true', 'elementum ligula vehicula consequat morbi a ipsum integer a nibh', '1', 'Hossein'),
        ('2022-10-12 12:15:31', 'true', 'ac est lacinia nisi venenatis tristique fusce', '1', 'Ali'),
        ('2022-07-30 17:06:08', 'true', 'lacus at velit vivamus vel nulla eget eros elementum pellentesque quisque', '1', 'Ali'),
        ('2023-03-29 06:14:34', 'true', 'mus etiam vel augue vestibulum rutrum rutrum neque aenean auctor gravida', '1', 'Hossein'),
        ('2023-01-12 07:23:35', 'true', 'donec posuere metus vitae', '1', 'Hossein'),
        ('2023-07-11 20:33:59', 'true', 'cubilia curae donec pharetra magna', '1', 'Hossein'),
        ('2023-01-07 23:25:07', 'true', 'vestibulum sit amet cursus id turpis integer aliquet massa id lobortis convallis tortor risus dapibus augue vel accumsan tellus', '1', 'Hossein'),
        ('2022-10-14 01:48:23', 'true', 'morbi quis tortor id nulla ultrices aliquet maecenas leo odio condimentum id luctus nec molestie sed justo pellentesque viverra', '1', 'Hossein'),
        ('2022-08-11 19:30:09', 'true', 'mi integer ac neque duis bibendum morbi non', '1', 'Ali'),
        ('2023-05-12 18:58:35', 'true', 'porttitor lacus at turpis donec posuere metus vitae ipsum aliquam non mauris morbi non', '1', 'Hossein'),
        ('2023-06-23 08:25:37', 'true', 'accumsan tellus nisi eu orci mauris', '1', 'Hossein'),
        ('2022-12-12 14:47:27', 'true', 'felis ut at dolor quis', '1', 'Ali'),
        ('2022-09-26 03:50:21', 'true', 'sapien ut nunc vestibulum', '2', 'Ahmad'),
        ('2022-08-27 18:03:02', 'true', 'elit ac nulla sed vel enim sit amet nunc viverra dapibus nulla suscipit ligula in lacus curabitur at ipsum ac', '2', 'Ahmad'),
        ('2023-02-09 21:49:27', 'true', 'at turpis donec posuere metus vitae ipsum aliquam non mauris morbi non lectus aliquam sit amet diam in', '2', 'Ahmad'),
        ('2023-07-01 21:13:32', 'true', 'nulla facilisi cras non velit', '2', 'Ahmad'),
        ('2023-01-03 03:32:22', 'true', 'in magna bibendum imperdiet nullam orci pede venenatis non sodales sed tincidunt eu felis fusce posuere felis', '2', 'Ahmad'),
        ('2022-10-27 09:20:16', 'true', 'sit amet eros suspendisse accumsan tortor quis turpis sed ante vivamus tortor duis mattis', '2', 'Hossein'),
        ('2022-08-03 16:51:01', 'true', 'suspendisse potenti cras in purus eu magna vulputate luctus cum sociis natoque penatibus', '2', 'Ahmad'),
        ('2023-05-14 18:38:01', 'true', 'odio curabitur convallis duis consequat dui nec nisi volutpat eleifend donec ut dolor morbi vel lectus in quam', '2', 'Ahmad'),
        ('2022-09-19 22:28:55', 'true', 'vitae ipsum aliquam non mauris morbi non lectus aliquam sit amet diam in magna', '2', 'Ahmad'),
        ('2023-01-10 02:34:36', 'true', 'aliquam convallis nunc proin at turpis a pede', '2', 'Ahmad'),
        ('2023-05-25 22:04:08', 'true', 'fusce posuere felis sed lacus morbi sem mauris laoreet ut rhoncus aliquet pulvinar sed', '2', 'Hossein'),
        ('2023-03-08 22:15:41', 'true', 'convallis morbi odio odio elementum eu interdum eu tincidunt in leo maecenas pulvinar lobortis est phasellus sit amet erat', '2', 'Ahmad'),
        ('2022-11-18 19:48:32', 'true', 'penatibus et magnis dis parturient montes nascetur ridiculus mus vivamus vestibulum sagittis', '2', 'Ahmad'),
        ('2023-07-10 15:16:59', 'true', 'mauris morbi non lectus aliquam sit amet diam in magna bibendum imperdiet nullam orci pede venenatis non', '2', 'Ahmad'),
        ('2022-12-11 08:06:24', 'true', 'sit amet consectetuer adipiscing elit proin risus praesent lectus vestibulum quam sapien varius ut', '2', 'Hossein'),
        ('2022-10-20 04:02:39', 'true', 'lectus suspendisse potenti in eleifend quam a odio in hac habitasse platea dictumst maecenas ut massa quis augue luctus tincidunt', '2', 'Hossein'),
        ('2022-10-09 03:56:10', 'true', 'sociis natoque penatibus et magnis dis parturient montes nascetur ridiculus mus vivamus vestibulum sagittis sapien', '2', 'Hossein'),
        ('2023-04-10 14:29:43', 'true', 'tellus semper interdum mauris', '2', 'Hossein'),
        ('2022-12-23 20:30:23', 'true', 'ut odio cras mi pede malesuada in imperdiet et commodo vulputate justo in blandit ultrices enim lorem', '2', 'Ahmad'),
        ('2023-01-19 13:25:04', 'true', 'justo sollicitudin ut suscipit a feugiat et eros vestibulum ac', '2', 'Ahmad'),
        ('2023-02-21 13:15:42', 'true', 'vestibulum quam sapien varius ut blandit non interdum in ante vestibulum ante ipsum primis in faucibus orci luctus', '2', 'Ahmad'),
        ('2023-07-03 21:54:03', 'true', 'laoreet ut rhoncus aliquet pulvinar sed nisl nunc rhoncus dui vel sem sed sagittis nam', '2', 'Hossein'),
        ('2022-12-25 07:01:45', 'true', 'etiam pretium iaculis justo in hac habitasse platea dictumst etiam faucibus', '2', 'Hossein'),
        ('2022-12-06 04:25:16', 'true', 'erat quisque erat eros viverra eget congue eget semper', '2', 'Ahmad'),
        ('2023-03-22 12:44:04', 'true', 'tortor risus dapibus augue vel', '2', 'Ahmad'),
        ('2023-04-26 20:34:24', 'true', 'in tempus sit amet sem fusce consequat nulla nisl', '2', 'Hossein'),
        ('2022-08-17 07:54:04', 'true', 'nonummy maecenas tincidunt lacus at velit vivamus vel nulla eget eros elementum pellentesque', '2', 'Ahmad'),
        ('2023-07-18 20:34:23', 'true', 'vel est donec odio', '2', 'Ahmad'),
        ('2023-03-15 06:00:25', 'true', 'et commodo vulputate justo in blandit ultrices enim lorem ipsum dolor sit amet consectetuer adipiscing elit proin interdum', '2', 'Hossein'),
        ('2023-02-21 17:51:15', 'true', 'semper porta volutpat quam pede', '2', 'Hossein'),
        ('2023-01-03 12:04:37', 'true', 'augue vestibulum rutrum rutrum neque aenean', '2', 'Hossein'),
        ('2023-06-14 04:41:02', 'true', 'varius integer ac leo pellentesque ultrices mattis odio donec vitae nisi', '2', 'Hossein'),
        ('2023-05-31 23:04:17', 'true', 'pretium nisl ut volutpat sapien arcu sed augue aliquam erat volutpat in congue', '2', 'Ahmad'),
        ('2023-07-11 20:46:52', 'true', 'morbi ut odio cras mi pede malesuada in imperdiet et commodo vulputate justo in', '2', 'Hossein'),
        ('2022-08-20 02:02:12', 'true', 'etiam justo etiam pretium iaculis', '2', 'Ahmad'),
        ('2023-06-26 17:06:49', 'true', 'ante vestibulum ante ipsum primis in faucibus orci luctus', '2', 'Ahmad'),
        ('2022-08-03 01:04:05', 'true', 'mi sit amet lobortis sapien sapien non mi', '2', 'Ahmad'),
        ('2022-11-01 02:09:41', 'true', 'sed augue aliquam erat volutpat in congue etiam justo etiam pretium iaculis justo in hac', '2', 'Ahmad'),
        ('2022-12-19 17:20:05', 'true', 'elementum pellentesque quisque porta volutpat erat quisque erat eros viverra', '2', 'Hossein'),
        ('2023-02-23 13:41:27', 'true', 'dolor sit amet consectetuer adipiscing elit proin', '2', 'Hossein'),
        ('2022-09-17 15:43:59', 'true', 'tincidunt in leo maecenas pulvinar lobortis est phasellus sit', '2', 'Hossein'),
        ('2022-08-17 22:08:41', 'true', 'interdum mauris non ligula pellentesque ultrices phasellus id sapien in sapien iaculis congue vivamus metus', '2', 'Ahmad'),
        ('2023-06-13 23:39:15', 'true', 'et ultrices posuere cubilia curae duis faucibus accumsan odio curabitur convallis duis consequat dui nec nisi volutpat eleifend', '2', 'Ahmad'),
        ('2022-12-19 04:18:01', 'true', 'mauris laoreet ut rhoncus aliquet pulvinar sed nisl nunc', '2', 'Ahmad'),
        ('2022-08-29 23:35:35', 'true', 'eget orci vehicula condimentum curabitur in libero ut massa volutpat convallis morbi odio odio elementum eu', '2', 'Hossein'),
        ('2022-08-07 09:16:36', 'true', 'dictumst maecenas ut massa quis augue luctus tincidunt nulla mollis molestie lorem quisque', '2', 'Ahmad'),
        ('2022-12-04 15:16:49', 'true', 'non interdum in ante vestibulum ante ipsum primis in faucibus orci luctus et ultrices posuere cubilia', '2', 'Ahmad'),
        ('2022-11-17 17:24:29', 'true', 'eu interdum eu tincidunt in leo maecenas pulvinar lobortis est', '2', 'Ahmad'),
        ('2023-06-08 19:04:06', 'true', 'et ultrices posuere cubilia curae duis faucibus accumsan odio curabitur convallis duis consequat dui nec nisi volutpat eleifend donec ut', '2', 'Hossein'),
        ('2023-01-11 01:42:34', 'true', 'interdum mauris non ligula pellentesque ultrices phasellus id sapien', '2', 'Hossein'),
        ('2023-03-23 07:10:41', 'true', 'id sapien in sapien iaculis congue vivamus metus arcu', '2', 'Ahmad'),
        ('2023-01-31 12:15:22', 'true', 'congue etiam justo etiam pretium iaculis justo in hac habitasse platea dictumst etiam faucibus cursus urna ut', '2', 'Ahmad'),
        ('2023-06-09 08:16:54', 'true', 'enim leo rhoncus sed vestibulum sit amet cursus id turpis', '2', 'Hossein'),
        ('2022-10-09 02:17:26', 'true', 'curae duis faucibus accumsan odio', '2', 'Ahmad'),
        ('2022-10-06 19:57:15', 'true', 'luctus tincidunt nulla mollis molestie lorem quisque ut', '2', 'Hossein'),
        ('2023-01-11 00:48:25', 'true', 'blandit nam nulla integer pede justo lacinia eget tincidunt eget tempus vel pede', '2', 'Hossein'),
        ('2023-03-28 15:20:11', 'true', 'sed interdum venenatis turpis enim blandit mi in porttitor pede justo eu massa donec dapibus', '2', 'Ahmad'),
        ('2023-03-28 09:03:20', 'true', 'pretium iaculis diam erat fermentum justo nec condimentum neque sapien placerat ante nulla justo aliquam', '2', 'Hossein'),
        ('2023-06-30 02:52:42', 'true', 'magna at nunc commodo placerat praesent blandit nam nulla integer pede justo lacinia', '2', 'Ahmad'),
        ('2023-01-10 19:27:03', 'true', 'vitae ipsum aliquam non mauris morbi non lectus aliquam sit', '2', 'Hossein'),
        ('2023-04-03 01:13:28', 'true', 'ut erat curabitur gravida nisi at nibh in hac habitasse platea dictumst aliquam augue quam', '2', 'Ahmad'),
        ('2023-02-12 07:59:26', 'true', 'eget elit sodales scelerisque mauris', '2', 'Hossein'),
        ('2022-09-02 23:25:35', 'true', 'nascetur ridiculus mus etiam vel augue vestibulum rutrum rutrum neque aenean auctor gravida sem praesent id massa', '2', 'Hossein'),
        ('2023-03-21 04:32:45', 'true', 'potenti in eleifend quam a odio in hac habitasse platea dictumst maecenas ut massa quis augue', '2', 'Hossein'),
        ('2022-10-09 14:09:13', 'true', 'vestibulum eget vulputate ut ultrices vel augue vestibulum ante ipsum primis in faucibus orci luctus et ultrices', '2', 'Hossein'),
        ('2023-04-02 08:52:16', 'true', 'eleifend pede libero quis orci nullam molestie nibh in lectus pellentesque at nulla suspendisse potenti cras in purus', '2', 'Ahmad'),
        ('2023-02-22 18:18:12', 'true', 'nam nulla integer pede justo lacinia eget tincidunt', '2', 'Ahmad'),
        ('2022-10-21 08:25:24', 'true', 'platea dictumst morbi vestibulum velit id pretium iaculis diam erat fermentum justo nec', '2', 'Ahmad'),
        ('2022-12-15 12:43:08', 'true', 'vel nulla eget eros elementum pellentesque quisque porta volutpat erat', '2', 'Ahmad'),
        ('2023-03-30 00:56:46', 'true', 'nulla dapibus dolor vel est donec odio', '2', 'Hossein'),
        ('2022-12-18 03:20:39', 'true', 'dictumst maecenas ut massa quis augue luctus tincidunt nulla mollis molestie lorem quisque', '2', 'Hossein'),
        ('2022-11-23 23:20:40', 'true', 'id turpis integer aliquet massa id lobortis convallis tortor risus dapibus augue vel accumsan tellus nisi', '2', 'Hossein'),
        ('2023-03-01 03:03:46', 'true', 'nec condimentum neque sapien placerat ante nulla justo aliquam quis turpis eget elit sodales scelerisque', '2', 'Hossein'),
        ('2023-04-23 05:12:45', 'true', 'natoque penatibus et magnis dis parturient montes nascetur ridiculus mus vivamus vestibulum sagittis', '2', 'Hossein'),
        ('2023-06-19 12:53:52', 'true', 'vestibulum rutrum rutrum neque aenean auctor gravida sem praesent id massa id nisl venenatis lacinia aenean sit', '2', 'Ahmad'),
        ('2023-03-28 09:56:03', 'true', 'suspendisse ornare consequat lectus in est risus', '2', 'Hossein'),
        ('2022-08-04 12:41:00', 'true', 'ante ipsum primis in faucibus orci luctus et ultrices posuere cubilia curae duis faucibus accumsan odio curabitur convallis', '2', 'Hossein'),
        ('2022-10-14 17:11:18', 'true', 'est et tempus semper est quam', '2', 'Ahmad'),
        ('2022-08-30 15:55:29', 'true', 'venenatis non sodales sed tincidunt eu felis', '2', 'Hossein'),
        ('2023-01-28 18:19:33', 'true', 'odio donec vitae nisi nam ultrices libero non mattis', '2', 'Hossein'),
        ('2023-01-05 19:25:57', 'true', 'nisi volutpat eleifend donec ut dolor morbi', '2', 'Ahmad'),
        ('2022-08-29 11:09:28', 'true', 'neque vestibulum eget vulputate ut', '2', 'Hossein'),
        ('2023-02-24 13:33:35', 'true', 'mauris lacinia sapien quis libero nullam sit amet turpis', '2', 'Hossein'),
        ('2023-07-12 08:43:51', 'true', 'mattis nibh ligula nec sem duis aliquam convallis nunc proin at turpis a pede posuere nonummy integer non velit', '2', 'Hossein'),
        ('2023-07-13 01:36:40', 'true', 'id massa id nisl venenatis lacinia aenean sit amet justo morbi ut odio cras mi pede malesuada in imperdiet', '2', 'Ahmad'),
        ('2023-07-24 01:34:16', 'true', 'in hac habitasse platea dictumst etiam faucibus cursus urna', '2', 'Ahmad'),
        ('2023-02-01 04:33:42', 'true', 'hac habitasse platea dictumst morbi vestibulum velit id pretium', '2', 'Hossein'),
        ('2022-10-05 00:45:33', 'true', 'non sodales sed tincidunt eu felis fusce posuere', '2', 'Hossein'),
        ('2023-07-15 22:29:20', 'true', 'pretium iaculis justo in hac habitasse platea dictumst etiam faucibus', '2', 'Hossein'),
        ('2023-07-24 01:35:58', 'true', 'a suscipit nulla elit ac nulla sed vel enim sit', '2', 'Ahmad'),
        ('2023-06-03 00:56:19', 'true', 'in faucibus orci luctus et ultrices posuere cubilia curae mauris viverra diam vitae quam suspendisse potenti nullam porttitor', '2', 'Hossein'),
        ('2023-03-29 02:00:59', 'true', 'volutpat convallis morbi odio odio elementum eu interdum eu tincidunt in leo', '2', 'Hossein'),
        ('2023-02-07 09:29:45', 'true', 'ridiculus mus vivamus vestibulum sagittis sapien cum sociis natoque penatibus et magnis dis parturient montes', '2', 'Hossein'),
        ('2023-05-14 11:12:23', 'true', 'ipsum integer a nibh in quis justo maecenas rhoncus aliquam lacus morbi quis tortor id nulla ultrices aliquet maecenas', '2', 'Ahmad'),
        ('2023-04-01 07:29:01', 'true', 'neque libero convallis eget eleifend luctus ultricies eu', '2', 'Hossein'),
        ('2023-07-10 06:44:39', 'true', 'tempus vivamus in felis eu sapien cursus vestibulum proin eu mi nulla ac enim in tempor turpis nec euismod scelerisque', '2', 'Hossein'),
        ('2022-08-08 21:12:55', 'true', 'magna bibendum imperdiet nullam orci pede venenatis non sodales sed', '2', 'Ahmad'),
        ('2022-09-15 20:58:51', 'true', 'velit donec diam neque vestibulum eget vulputate ut ultrices vel augue vestibulum ante ipsum primis in', '2', 'Hossein'),
        ('2023-03-22 18:17:17', 'true', 'consequat morbi a ipsum integer a nibh', '2', 'Hossein'),
        ('2023-07-19 00:31:28', 'true', 'quis libero nullam sit amet turpis elementum ligula', '2', 'Hossein');